Pclass,Sex,Age,SibSp,Parch,Fare,Embarked
-0.0008360385147776483,2.001937156880543,-4.483571551361365e-05,-0.003024993957910338,-0.001023063288468462,6.519106227642624e-05,0.00029599219930709353
