Pclass,Sex,Embarked,AgeGroup,Title,Family
-0.00018036534809251492,1.999784159846043,6.893547619846174e-06,2.7095748427186095e-05,0.00010795647432226829,-6.893547603858963e-06
